id,First name,Last name,gender,country,age,Start time,score,weight,height
1,Dulce,Abril,Female,United States,32,15/06/23 10:17,1562,103,164
2,Mara,Hashimoto,Female,Great Britain,25,12/02/17 13:30,1582,44,179
3,Philip,Gent,Male,France,36,08/04/24 06:25,2587,70,152
4,Kathleen,Hanner,Female,United States,25,14/04/20 11:51,3549,59,198
5,Nereida,Peron,Female,Argentina,58,18/10/23 02:16,2468,41,177
6,Gaston,Brumm,Male,United States,24,06/06/18 21:52,2554,98,149
7,Etta,Hurn,Female,Great Britain,56,26/03/11 18:38,3598,95,145
8,Earlean,Melgar,Female,Australia,27,24/12/21 22:11,2456,60,172
9,Vincenza,Rossi,Female,Italy,40,29/03/13 15:09,6548,88,167
10,Fallon,Winward,Female,Great Britain,28,20/04/10 04:17,5486,44,167
11,Arcelia,Bouska,Female,Czechia,39,07/07/22 18:31,1258,50,181
12,Franklyn,Unknow,Male,France,38,19/08/17 14:32,2579,104,149
13,Sherron,Ascencio,Female,Great Britain,32,02/04/16 08:26,3256,79,166
14,Marcel,Zabriskie,Male,Poland,26,25/03/15 08:31,2587,106,195
15,Kina,Hazelton,Female,Great Britain,31,24/11/23 08:42,3259,89,159
16,Shavonne,Pia,Female,France,24,15/07/16 16:18,1546,45,178
17,Giovanni,Ferrari,Female,Italy,39,30/07/15 10:04,3579,80,180
18,Lauralee,Perrine,Female,Great Britain,28,03/02/18 01:33,6597,42,179
19,Loreta,Curren,Female,France,26,05/05/10 11:49,9654,87,150
20,Teresa,Strawn,Female,France,46,30/01/12 05:57,3569,107,158
21,Belinda,Partain,Female,United States,37,03/09/10 06:58,2564,91,192
22,Holly,Eudy,Female,Canada,52,06/04/10 03:35,8561,53,169
23,Many,Cuccia,Female,Great Britain,46,17/09/16 01:49,5489,74,181
24,Libbie,Dalby,Female,France,42,20/08/11 02:27,5489,98,193
25,Lester,Prothro,Male,France,21,10/11/21 10:45,6574,41,200
26,Marvel,Hail,Female,Great Britain,28,11/10/17 04:06,5555,42,160
27,Angelyn,Vong,Female,United States,29,21/06/18 22:45,6125,61,165
28,Francesca,Beaudreau,Female,France,23,27/03/19 05:28,5412,72,180
29,Garth,Gangi,Male,United States,41,17/03/15 04:33,3256,110,151
30,Carla,Trumbull,Female,Great Britain,28,15/03/11 01:45,3264,43,148
31,Veta,Muntz,Female,Great Britain,37,22/08/21 19:37,4569,97,175
32,Stasia,Becker,Female,Great Britain,34,14/08/17 02:36,7521,87,182
33,Jona,Grindle,Female,Great Britain,26,16/05/12 13:11,6458,85,142
34,Judie,Claywell,Female,France,35,14/02/10 23:18,7569,65,155
35,Dewitt,Borger,Male,United States,36,21/05/21 04:53,8514,54,184
36,Nena,Hacker,Female,Italy,29,08/11/10 20:40,8563,56,169
37,Kelsie,Wachtel,Female,France,27,29/10/20 00:12,8642,61,141
38,Sau,Pfau,Female,United States,25,19/01/18 23:08,9536,76,187
39,Shanice,Mccrystal,Female,United States,36,21/02/10 16:32,2567,59,170
40,Chase,Karner,Male,Spain,37,26/04/13 22:18,2154,78,155
41,Dorcas,Darity,Female,Mexico,37,23/10/12 13:01,8765,102,167
42,Angel,Sanor,Male,France,24,14/07/23 06:50,3259,65,199
43,Willodean,Harn,Female,United States,39,18/05/24 13:52,3567,67,193
44,Weston,Martina,Male,Canada,26,30/05/16 20:53,6540,73,156
45,Roma,Lafollette,Female,United States,34,30/06/12 09:37,2654,44,188
46,Felisa,Cail,Female,United States,28,17/05/18 02:19,6525,87,141
47,Demetria,Abbey,Female,Canada,32,26/06/17 18:23,3265,93,163
48,Jeromy,Danz,Male,United States,39,02/07/19 05:18,3265,100,195
49,Rasheeda,Alkire,Female,Russia,29,01/03/21 09:38,6125,95,156
50,Dulce,Abril,Female,Japan,32,07/02/24 11:39,1562,63,173
51,Mara,Hashimoto,Female,Great Britain,25,20/07/13 03:50,1582,50,149
52,Philip,Gent,Male,France,36,15/10/16 23:36,2587,41,183
53,Kathleen,Hanner,Female,United States,25,19/02/11 09:41,3549,104,171
54,Nereida,Magwood,Female,Russia,58,10/03/23 15:04,2468,58,149
55,Gaston,Brumm,Male,United States,24,03/12/15 07:13,2554,57,146
56,Etta,Hurn,Female,Great Britain,56,19/04/12 02:21,3598,68,167
57,Earlean,Melgar,Female,United States,27,10/10/24 06:50,2456,99,199
58,Vincenza,Weiland,Female,Nigeria,40,13/06/13 12:21,6548,80,188
59,Fallon,Winward,Female,China,28,20/12/19 08:19,5486,97,163
60,Arcelia,Bouska,Female,Great Britain,39,08/04/19 07:22,1258,77,160
61,Franklyn,Unknow,Male,France,38,15/03/12 08:52,2579,49,160
62,Sherron,Ascencio,Female,Great Britain,32,21/02/20 14:28,3256,107,163
63,Marcel,Zabriskie,Male,South Africa,26,12/09/22 07:08,2587,81,156
64,Kina,Hazelton,Female,Great Britain,31,25/08/17 23:02,3259,56,199
65,Shavonne,Pia,Female,France,24,12/09/23 21:11,1546,71,157
66,Shavon,Benito,Female,France,39,11/11/15 03:06,3579,99,188
67,Lauralee,Perrine,Female,Great Britain,28,27/02/11 00:01,6597,90,193
68,Loreta,Curren,Female,France,26,16/06/23 18:55,9654,58,186
69,Teresa,Strawn,Female,France,46,11/12/14 07:45,3569,62,156
70,Belinda,Partain,Female,United States,37,30/10/22 10:04,2564,84,189
71,Holly,Eudy,Female,Tanzania,52,12/04/24 21:59,8561,61,175
72,Many,Cuccia,Female,Great Britain,46,01/11/11 01:23,5489,41,154
73,Libbie,Dalby,Female,France,42,26/09/14 08:06,5489,71,180
74,Lester,Prothro,Male,France,21,27/11/11 15:13,6574,108,143
75,Marvel,Hail,Female,Great Britain,28,20/03/16 02:27,5555,43,152
76,Angelyn,Vong,Female,United States,29,16/06/13 14:47,6125,106,149
77,Francesca,Beaudreau,Female,France,23,18/06/11 04:37,5412,95,144
78,Garth,Gangi,Male,United States,41,06/01/20 11:12,3256,43,142
79,Carla,Trumbull,Female,Great Britain,28,24/08/11 21:23,3264,51,155
80,Veta,Muntz,Female,Great Britain,37,28/02/18 06:20,4569,78,191
81,Stasia,Becker,Female,Great Britain,34,23/02/11 00:58,7521,110,153
82,Jona,Grindle,Female,Great Britain,26,16/03/19 03:13,6458,43,167
83,Judie,Claywell,Female,France,35,07/01/23 11:36,7569,49,143
84,Dewitt,Borger,Male,United States,36,01/01/19 20:54,8514,47,190
85,Nena,Hacker,Female,United States,29,03/02/17 14:35,8563,56,178
86,Kelsie,Wachtel,Female,France,27,27/10/19 04:53,8642,46,185
87,Sau,Pfau,Female,United States,25,10/05/20 00:11,9536,74,174
88,Shanice,Mccrystal,Female,United States,36,20/04/23 15:27,2567,75,190
89,Chase,Karner,Male,United States,37,28/10/11 06:28,2154,96,194
90,Tommie,Underdahl,Male,Germany,26,04/12/18 23:01,3265,71,169
91,Dorcas,Darity,Female,Bahamas,37,10/01/11 10:54,8765,88,173
92,Angel,Sanor,Male,France,24,22/05/19 02:09,3259,51,152
93,Willodean,Harn,Female,United States,39,24/04/15 09:12,3567,92,194
94,Weston,Martina,Male,Italy,26,03/09/12 21:50,6540,51,198
95,Roma,Lafollette,Female,Tanzania,34,12/01/13 22:02,2654,44,191
96,Felisa,Cail,Female,United States,28,22/08/20 08:53,6525,84,157
97,Demetria,Abbey,Female,United States,32,25/12/15 19:57,3265,108,181
98,Jeromy,Danz,Male,Kenya,39,05/02/21 18:37,3265,52,198
99,Rasheeda,Alkire,Female,United States,29,04/11/19 11:22,6125,107,150
100,Dulce,Abril,Female,Argentina,32,15/09/12 02:33,1562,107,160
101,Mara,Hashimoto,Female,Great Britain,25,23/12/10 10:15,1582,74,147
102,Philip,Gent,Male,France,36,30/12/09 11:05,2587,101,143
103,Kathleen,Hanner,Female,United States,25,14/06/24 11:39,3549,73,196
104,Nereida,Magwood,Female,Zambia,58,01/11/11 17:49,2468,99,186
105,Gaston,Brumm,Male,United States,24,30/08/20 13:33,2554,95,145
106,Etta,Hurn,Female,Great Britain,56,16/09/11 08:18,3598,44,189
107,Earlean,Melgar,Female,United States,27,23/04/13 20:59,2456,41,184
108,Vincenza,Weiland,Female,Poland,40,18/08/16 12:35,6548,78,143
109,Fallon,Winward,Female,Great Britain,28,17/03/10 04:28,5486,97,169
110,Arcelia,Bouska,Female,Great Britain,39,02/05/12 05:44,1258,98,168
111,Franklyn,Unknow,Male,France,38,31/03/21 12:47,2579,108,143
112,Sherron,Ascencio,Female,Great Britain,32,19/04/14 06:21,3256,95,145
113,Marcel,Zabriskie,Male,Germany,26,19/06/11 11:29,2587,83,176
114,Kina,Hazelton,Female,Sweden,31,13/04/23 11:36,3259,44,160
115,Shavonne,Pia,Female,France,24,10/05/20 20:05,1546,55,165
116,Shavon,Benito,Female,France,39,19/12/20 14:26,3579,73,158
117,Lauralee,Perrine,Female,Great Britain,28,21/01/10 19:07,6597,108,169
118,Loreta,Curren,Female,France,26,03/02/15 03:12,9654,48,166
119,Teresa,Strawn,Female,France,46,12/07/14 21:33,3569,70,160
120,Belinda,Partain,Female,United States,37,09/02/23 16:42,2564,49,173
121,Holly,Eudy,Female,United States,52,21/04/15 23:48,8561,55,176
122,Many,Cuccia,Female,Great Britain,46,04/08/20 14:19,5489,43,182
123,Libbie,Dalby,Female,France,42,27/10/16 04:35,5489,85,154
124,Lester,Prothro,Male,France,21,18/05/20 08:46,6574,71,187
125,Marvel,Hail,Female,Great Britain,28,29/05/13 07:22,5555,50,159
126,Angelyn,Vong,Female,United States,29,10/11/10 21:01,6125,55,160
127,Francesca,Beaudreau,Female,France,23,20/11/10 16:08,5412,48,149
128,Garth,Gangi,Male,United States,41,09/03/10 14:19,3256,83,148
129,Carla,Trumbull,Female,Great Britain,28,14/04/16 05:09,3264,93,198
130,Veta,Muntz,Female,Norway,37,11/02/11 18:26,4569,88,192
131,Stasia,Becker,Female,Great Britain,34,29/01/15 09:22,7521,87,192
132,Jona,Grindle,Female,Germany,26,18/03/13 22:41,6458,88,165
133,Judie,Claywell,Female,France,35,15/05/13 09:28,7569,110,153
134,Dewitt,Borger,Male,United States,36,25/11/18 00:14,8514,93,176
135,Nena,Hacker,Female,Netherlands,29,31/07/11 08:31,8563,66,189
136,Kelsie,Wachtel,Female,France,27,15/04/19 23:11,8642,58,164
137,Sau,Pfau,Female,United States,25,13/01/17 13:26,9536,85,185
138,Shanice,Mccrystal,Female,Italy,36,24/09/18 23:11,2567,86,150
139,Chase,Karner,Male,Belgium,37,14/12/16 13:04,2154,75,159
140,Tommie,Underdahl,Male,United States,26,07/04/11 21:02,3265,80,183
141,Dorcas,Darity,Female,United States,37,20/04/21 21:19,8765,102,165
142,Angel,Sanor,Male,France,24,28/11/10 00:41,3259,92,153
143,Willodean,Harn,Female,United States,39,01/12/14 04:33,3567,102,162
144,Weston,Martina,Male,Ukraine,26,01/01/15 20:49,6540,48,199
145,Roma,Lafollette,Female,Hungary,34,10/10/20 20:32,2654,110,173
146,Felisa,Cail,Female,United States,28,05/01/18 03:29,6525,107,178
147,Demetria,Abbey,Female,Romania,32,18/12/15 02:50,3265,94,146
148,Jeromy,Danz,Male,United States,39,15/04/23 07:07,3265,100,194
149,Rasheeda,Alkire,Female,Egypt,29,22/06/20 05:05,6125,62,162
150,Dulce,Abril,Female,United States,32,29/06/19 13:09,1562,47,189
151,Mara,Hashimoto,Female,Great Britain,25,09/07/17 09:39,1582,73,183
152,Philip,Gent,Male,France,36,01/02/15 20:49,2587,91,150
153,Kathleen,Hanner,Female,United States,25,17/02/13 00:09,3549,105,154
154,Nereida,Magwood,Female,Algeria,58,27/02/17 21:24,2468,102,185
155,Gaston,Brumm,Male,United States,24,20/04/20 21:21,2554,76,192
156,Etta,Hurn,Female,Great Britain,56,14/08/15 14:22,3598,47,193
157,Earlean,Melgar,Female,United States,27,25/08/10 15:54,2456,96,170
158,Vincenza,Weiland,Female,Morocco,40,19/05/10 13:23,6548,64,161
159,Fallon,Winward,Female,Great Britain,28,13/04/13 07:51,5486,71,199
160,Arcelia,Bouska,Female,Zimbabwe,39,31/05/12 10:47,1258,98,170
161,Franklyn,Unknow,Male,France,38,25/04/15 09:48,2579,106,180
162,Sherron,Ascencio,Female,Great Britain,32,26/01/12 02:33,3256,96,183
163,Marcel,Zabriskie,Male,Chile,26,25/05/23 10:18,2587,76,152
164,Kina,Hazelton,Female,Great Britain,31,24/08/12 11:56,3259,69,184
165,Shavonne,Pia,Female,France,24,12/04/18 11:48,1546,59,176
166,Shavon,Benito,Female,France,39,16/03/14 07:20,3579,105,171
167,Lauralee,Perrine,Female,Great Britain,28,22/05/19 23:04,6597,97,185
168,Loreta,Curren,Female,France,26,04/12/21 08:59,9654,43,159
169,Teresa,Strawn,Female,France,46,01/01/15 11:33,3569,110,168
170,Belinda,Partain,Female,United States,37,28/08/16 06:14,2564,73,156
171,Holly,Eudy,Female,United States,52,03/09/21 09:36,8561,64,192
172,Many,Cuccia,Female,Great Britain,46,14/08/17 21:21,5489,85,197
173,Libbie,Dalby,Female,France,42,04/05/16 19:34,5489,66,155
174,Lester,Prothro,Male,France,21,19/07/17 15:51,6574,57,165
175,Marvel,Hail,Female,Great Britain,28,07/11/17 09:47,5555,92,150
176,Angelyn,Vong,Female,United States,29,04/08/19 18:31,6125,74,156
177,Francesca,Beaudreau,Female,France,23,04/03/19 11:51,5412,92,197
178,Garth,Gangi,Male,United States,41,18/10/16 01:16,3256,48,144
179,Carla,Trumbull,Female,Great Britain,28,18/03/24 14:38,3264,67,198
180,Veta,Muntz,Female,Korea,37,24/12/19 01:58,4569,53,170
181,Stasia,Becker,Female,Japan,34,01/05/11 23:32,7521,65,171
182,Jona,Grindle,Female,Great Britain,26,14/11/24 15:14,6458,76,196
183,Judie,Claywell,Female,France,35,31/01/21 08:45,7569,72,184
184,Dewitt,Borger,Male,United States,36,26/09/23 15:53,8514,93,150
185,Nena,Hacker,Female,Brazil,29,27/08/16 04:27,8563,79,184
186,Kelsie,Wachtel,Female,France,27,04/12/16 13:53,8642,96,166
187,Sau,Pfau,Female,United States,25,24/08/16 05:15,9536,105,190
188,Shanice,Mccrystal,Female,Korea,36,12/07/21 00:30,2567,84,149
189,Chase,Karner,Male,United States,37,19/05/16 23:15,2154,79,199
190,Tommie,Underdahl,Male,Vietnam,26,25/03/17 23:31,3265,100,182
191,Dorcas,Darity,Female,United States,37,04/05/21 12:16,8765,67,146
192,Angel,Sanor,Male,France,24,20/03/19 10:03,3259,63,186
193,Willodean,Harn,Female,United States,39,04/08/19 00:14,3567,94,154
194,Weston,Martina,Male,China,26,09/03/19 12:25,6540,65,190
195,Roma,Lafollette,Female,United States,34,04/01/20 01:16,2654,101,198
196,Felisa,Cail,Female,United States,28,14/06/20 10:53,6525,51,171
197,Demetria,Abbey,Female,Germany,32,29/06/21 07:31,3265,45,171
198,Jeromy,Danz,Male,United States,39,27/07/18 05:00,3265,69,146
199,Rasheeda,Alkire,Female,United States,29,20/05/13 08:27,6125,87,167
200,Dulce,Abril,Female,Brazil,32,08/03/21 08:09,1562,100,153
201,Mara,Hashimoto,Female,Great Britain,25,08/04/11 00:02,1582,86,200
202,Philip,Gent,Male,France,36,12/06/10 10:56,2587,59,178
203,Gaston,Brumm,Male,Austria,24,19/09/15 05:55,2554,63,168
204,Etta,Hurn,Female,Great Britain,56,12/06/22 06:07,3598,80,170
205,Roma,Perrine,Male,France,37,01/02/16 20:51,6944,87,185
206,Tommie,Karner,Female,United States,34,05/07/15 00:25,8983,82,184
207,Arcelia,Hail,Male,Algeria,30,12/03/11 01:34,9398,96,177
208,Belinda,Hashimoto,Female,France,29,28/12/21 01:25,9261,55,155
209,Shanice,Benito,Female,France,25,31/05/21 18:12,3376,108,158
210,Vincenza,Hacker,Female,France,34,26/12/13 09:12,2340,102,159
211,Jona,Trumbull,Male,United States,26,29/05/18 12:12,3198,56,177
212,Jeromy,Beaudreau,Female,United States,56,05/10/21 02:59,2485,47,145
213,Felisa,Mccrystal,Male,United States,23,29/03/18 10:32,2300,44,149
214,Marvel,Karner,Female,Great Britain,60,26/10/14 02:50,3245,46,190
215,Lester,Hashimoto,Male,United States,26,18/03/14 07:18,2520,51,178
216,Stasia,Unknow,Female,United States,42,04/05/24 16:45,6081,90,158
217,Kelsie,Perrine,Male,Great Britain,28,24/07/10 16:26,5142,98,170
218,Fallon,Hazelton,Female,Great Britain,40,27/01/21 23:17,1166,45,168
219,Franklyn,Borger,Male,France,40,03/08/12 17:09,2407,64,183
220,Sherron,Alkire,Female,Great Britain,31,11/08/21 14:18,3485,64,183
221,Willodean,Ascencio,Male,Great Britain,23,01/11/17 12:56,2440,95,143
222,Loreta,Zabriskie,Female,Great Britain,30,07/09/11 11:48,3095,99,173
223,Jona,Hacker,Male,France,22,30/08/15 17:47,1415,87,171
224,Lester,Abril,Female,France,37,11/04/18 09:49,3304,105,183
225,Rasheeda,Unknow,Male,Great Britain,29,19/02/19 14:02,6163,43,154
226,Kina,Partain,Female,France,27,06/07/21 20:41,9232,81,197
227,Judie,Strawn,Male,France,46,08/02/16 07:02,3875,50,175
228,Nereida,Gangi,Female,United States,35,12/06/22 00:10,2760,83,151
229,Dulce,Karner,Male,United States,50,23/09/10 21:07,8509,64,142
230,Many,Cail,Female,Great Britain,50,03/02/24 19:16,6033,104,171
231,Gaston,Hurn,Male,France,42,03/06/17 19:31,5103,92,165
232,Kina,Benito,Female,France,22,04/01/10 18:37,6464,103,162
233,Demetria,Wachtel,Male,Great Britain,27,26/04/17 19:42,5474,68,147
234,Many,Cail,Female,United States,31,04/02/24 00:51,6495,82,187
235,Angel,Claywell,Male,France,21,06/09/20 07:31,5097,100,155
236,Vincenza,Melgar,Female,United States,42,28/07/11 21:13,3359,81,156
237,Kina,Muntz,Male,Great Britain,29,07/05/14 17:17,3046,61,179
238,Veta,Melgar,Female,France,27,29/07/13 21:10,7986,44,161
239,Loreta,Alkire,Male,Argentina,23,07/12/18 04:05,9460,97,192
240,Maria,Benito,Female,Brazil,35,14/07/11 17:44,2561,85,178
241,Angelo,Cuccia,Male,Italy,38,21/02/24 05:33,2253,86,173
242,Rasheeda,Vong,Female,United States,25,29/11/19 08:55,3299,101,157
243,Tommie,Grindle,Male,United States,40,31/03/19 08:43,9609,92,187
244,Earlean,Claywell,Female,France,24,28/08/16 13:46,3144,70,181
245,Shavonne,Abbey,Male,United States,37,22/06/17 09:22,3325,105,150
246,Nena,Benito,Female,Mexico,25,08/07/19 17:52,7078,101,169
247,Franklyn,Abbey,Male,United States,30,11/06/12 05:33,2606,43,185
248,Belinda,Pfau,Female,Germany,25,22/02/11 00:01,6374,54,183
249,Dewitt,Zabriskie,Male,Poland,29,27/06/17 11:06,3080,78,147
250,Francesca,Ascencio,Female,Italy,40,07/06/10 12:35,3097,57,200
251,Kathleen,Zabriskie,Male,Czechia,30,04/08/19 10:51,6163,44,194
252,Earlean,Pia,Female,Australia,31,19/01/24 10:07,1512,89,194
253,Kathleen,Ascencio,Male,Great Britain,23,25/03/22 03:09,1562,109,185
254,Nereida,Ascencio,Female,France,36,29/03/17 12:24,2787,93,168
255,Shanice,Underdahl,Male,United States,25,13/02/17 21:52,3889,97,185
256,Pia,Perrina,Female,Brazil,58,05/05/24 11:38,2709,100,183
257,Sau,Strawn,Male,United States,21,23/04/23 23:59,2392,85,169
258,Weston,Magwood,Female,Great Britain,55,15/03/15 23:56,3835,92,178
259,Nena,Hail,Male,United States,25,08/10/20 14:35,2445,83,159
260,Stasia,Abbey,Female,United States,42,29/06/13 22:26,6492,83,175
261,Fallon,Abbey,Male,Great Britain,28,25/09/22 08:53,5116,84,151
262,Kina,Muntz,Female,China,37,06/03/16 02:58,1218,85,198
263,Lauralee,Hazelton,Male,France,40,05/06/16 03:38,2766,102,143
264,Teresa,Claywell,Female,Great Britain,31,20/08/17 15:43,2992,90,179
265,Earlean,Hazelton,Male,Great Britain,24,04/10/20 12:07,2514,59,147
266,Sara,Jopa,Female,Bangladesh,28,10/11/18 08:36,3281,97,196
267,Judie,Martina,Male,France,25,30/05/15 02:49,1699,42,151
268,Vincenza,Pfau,Female,France,38,17/01/14 09:23,3708,82,169
269,Jona,Hashimoto,Male,Great Britain,30,14/12/15 08:49,7097,85,162
270,Vincenza,Melgar,Female,France,27,27/12/19 12:56,10367,74,170
271,Dewitt,Eudy,Male,France,49,25/08/12 16:26,3394,92,183
272,Rasheeda,Cail,Female,United States,33,13/01/24 14:51,2334,105,178
273,Garth,Cail,Male,Canada,54,06/04/18 10:44,9330,83,166
274,Mara,Beaudreau,Female,Great Britain,45,09/03/24 02:36,5066,51,165
275,Felisa,Ascencio,Male,France,40,04/12/22 00:22,5410,71,161
276,Lauralee,Grindle,Female,France,22,16/03/14 19:13,6475,109,190
277,Nereida,Muntz,Male,Great Britain,26,02/12/21 11:33,5816,99,152
278,Tommie,Danz,Female,United States,29,05/03/14 01:39,6524,93,180
279,Holly,Unknow,Male,France,23,21/08/16 08:09,5615,103,157
280,Earlean,Becker,Female,United States,37,18/11/18 21:00,3037,56,199
281,Etta,Benito,Male,Great Britain,29,20/07/10 07:49,3196,103,169
282,Weston,Unknow,Female,Indonesia,40,02/06/14 20:53,4692,84,155
283,Stasia,Pfau,Male,Germany,33,08/08/18 00:27,7949,67,186
284,Holly,Claywell,Female,Great Britain,25,08/04/12 02:41,6522,72,157
285,Kina,Cuccia,Male,France,36,27/03/14 04:01,7210,80,182
286,Willodean,Brumm,Female,Philippines,35,26/02/21 06:32,8529,62,168
287,Teresa,Mccrystal,Male,United States,29,09/06/17 20:11,8701,76,184
288,Francesca,Pia,Female,France,27,10/12/24 03:55,8908,100,195
289,Fallon,Hanner,Male,United States,26,27/07/13 04:04,10198,65,152
290,Angelyn,Ascencio,Female,United States,35,19/11/13 08:17,2491,110,162
291,Mara,Magwood,Male,Guatemala,39,26/12/11 08:01,2104,89,189
292,Belinda,Prothro,Female,Chile,24,03/01/15 13:11,3292,55,170
293,Nereida,Harn,Male,United States,35,23/08/16 17:31,8003,91,169
294,Felisa,Harn,Female,France,24,06/07/24 02:05,3262,105,168
295,Weston,Magwood,Male,United States,36,08/05/21 12:07,3687,92,198
296,Karen,Muntz,Female,Uruguay,23,26/06/17 00:40,6700,101,180
297,Sau,Cail,Male,Costa Rica,35,17/11/11 16:15,2761,41,152
298,Rasheeda,Alkire,Female,India,26,25/04/12 12:23,7076,50,150
299,Raheem,Bodu,Male,Pakitan,30,26/08/21 06:45,3035,75,177
300,Belinda,Hail,Female,United States,39,25/01/13 18:19,3364,70,162
301,Willodean,Hacker,Male,Iran,27,18/07/11 12:33,6431,83,142
302,Giampiero,Benito,Female,Italy,32,16/07/10 03:58,1491,62,145
303,Earlean,Beaudreau,Male,Great Britain,26,04/07/22 03:17,1646,64,164
304,Willodean,Winward,Female,France,35,24/08/23 09:42,2574,92,156
305,Holly,Borger,Male,United States,26,03/06/13 01:45,3328,53,154
306,Demetria,Gent,Female,Poland,58,19/07/18 10:27,2411,107,161
307,Marvel,Harn,Male,United States,23,02/04/23 23:28,2691,80,153
308,Franklyn,Becker,Female,Great Britain,60,08/05/19 14:25,3627,59,193
309,Francesca,Borger,Male,Denmark,29,13/07/20 21:20,2321,95,168
310,Etta,Strawn,Female,New Zealand,38,11/11/19 21:29,7065,42,177
311,Arcelia,Borger,Male,Great Britain,26,23/06/20 15:57,5803,91,177
312,Nena,Sanor,Female,Germany,35,05/06/11 00:24,1262,79,199
313,Loreta,Benito,Male,France,38,28/12/19 19:35,2430,72,177
314,Tommie,Gangi,Female,Italy,34,26/02/20 02:14,3539,101,190
315,Kina,Karner,Male,Netherlands,25,03/02/13 02:04,2340,95,149
316,Kelsie,Karner,Female,Great Britain,29,18/12/18 19:56,3280,63,175
317,Carla,Wachtel,Male,France,22,24/12/23 10:38,1580,93,168
318,Fallon,Melgar,Female,France,37,27/12/22 18:55,3826,48,183
319,Willodean,Bouska,Male,Bulgaria,29,05/12/16 12:35,6427,74,166
320,Willodean,Muntz,Female,France,23,25/07/13 22:24,10297,100,146
321,Angelyn,Abril,Male,France,50,13/03/22 05:57,3266,99,171
322,Judie,Darity,Female,Australia,35,28/05/10 04:43,2334,41,161
323,Holly,Hail,Male,India,52,08/04/11 12:32,8590,91,169
324,Veta,Alkire,Female,Hungary,47,25/09/18 20:24,5859,88,200
325,Fallon,Bouska,Male,France,44,22/09/15 02:50,5849,61,182
326,Gaston,Claywell,Female,France,22,20/05/11 00:00,6179,104,199
327,Libbie,Ascencio,Male,Great Britain,28,28/10/21 05:05,5703,99,175
328,Marcel,Beaudreau,Female,Switzerland,27,16/02/23 12:05,5605,92,155
329,Carla,Winward,Male,France,24,14/03/18 15:08,5879,58,184
330,Shavonne,Hail,Female,United States,37,29/10/23 19:19,3120,50,179
331,Kelsie,Grindle,Male,Great Britain,26,14/04/13 16:13,3246,63,169
332,Weston,Benito,Female,India,36,23/12/12 20:12,4882,110,141
333,Etta,Eudy,Male,Slovakia,32,05/06/20 05:22,7056,76,160
334,Philip,Benito,Female,Australia,27,11/09/19 00:16,7056,100,157
335,Judie,Muntz,Male,France,33,25/03/21 13:05,7006,54,182
336,Belinda,Underdahl,Female,Netherlands,33,15/06/23 11:56,8884,108,161
337,Nena,Hurn,Male,New Zealand,30,13/11/24 12:45,8870,61,186
338,Stasia,Abril,Female,France,24,07/12/14 10:48,8343,96,158
339,Shavonne,Strawn,Male,Korea,27,23/02/16 01:13,10306,57,167
340,Francesca,Gent,Female,United States,33,19/02/22 14:59,2411,110,154
341,Marcel,Alkire,Male,Mexico,36,15/11/14 06:19,2117,80,196
342,Carla,Benito,Female,Italy,24,21/11/19 20:54,3431,95,189
343,Demetria,Hanner,Male,Russia,38,25/05/22 05:53,8725,96,145
344,Willodean,Harn,Female,France,26,03/08/12 22:24,3283,86,146
345,Kathleen,Grindle,Male,United States,37,10/10/11 19:19,3253,71,194
346,Felisa,Gent,Female,Japan,24,13/12/18 22:26,7181,95,159
347,Arcelia,Weiland,Male,United States,35,21/02/10 19:28,2787,73,151
348,Loreta,Hacker,Female,Germany,29,14/04/12 08:56,6724,94,142
349,Dulce,Hail,Male,United States,32,17/10/18 08:08,2961,100,182
350,Lauralee,Curren,Female,Poland,38,23/05/11 16:41,2943,60,167
351,Chase,Gangi,Male,Russia,28,16/11/16 16:01,5676,56,173
352,Many,Cail,Female,United States,33,08/12/23 20:16,1658,104,179
353,Vincenza,Grindle,Male,Great Britain,22,15/06/10 19:22,1498,43,167
354,Marvel,Claywell,Female,France,32,06/05/18 09:30,2442,46,151
355,Belinda,Perrine,Male,Sri Lanka,23,18/08/16 22:01,3617,53,148
356,Stasia,Martina,Female,India,56,17/07/21 00:59,2403,94,194
357,Many,Grindle,Male,Indonesia,22,22/06/15 03:36,2375,94,163
358,Shanice,Pfau,Female,Great Britain,60,17/05/20 11:38,3636,90,193
359,Philip,Bouska,Male,United States,26,09/01/24 11:16,2545,97,197
360,Nena,Wachtel,Female,United States,36,08/06/23 09:50,6426,60,162
361,Veta,Hanner,Male,Great Britain,26,05/09/22 12:47,5983,53,176
362,Stasia,Trumbull,Female,Jamaica,41,30/08/24 14:26,1358,61,145
363,Stasia,Unknow,Male,France,41,07/12/14 09:21,2702,73,154
364,Belinda,Strawn,Female,Great Britain,32,19/07/21 08:40,3047,43,143
365,Marvel,Pfau,Male,Great Britain,26,30/08/12 13:07,2716,47,148
366,Stasia,Sanor,Female,Great Britain,32,17/05/13 19:02,3431,62,198
367,Dewitt,Partain,Male,France,23,28/02/22 05:41,1475,110,152
368,Vincenza,Sanor,Female,France,35,02/02/12 22:17,3530,43,181
369,Veta,Zabriskie,Male,Great Britain,25,27/02/23 19:12,6688,44,172
370,Jeromy,Darity,Female,France,25,18/04/22 13:59,8956,76,178
371,Carla,Prothro,Male,France,48,09/12/21 03:36,3303,56,196
372,Belinda,Abril,Female,Bangladesh,39,19/11/12 12:34,2548,77,198
373,Veta,Darity,Male,Malaysia,48,04/08/16 01:58,8017,95,142
374,Judie,Gangi,Female,Great Britain,47,11/10/16 08:46,5736,68,178
375,Earlean,Ascencio,Male,France,41,10/07/20 08:00,4980,43,155
376,Mara,Vong,Female,France,19,02/11/21 21:26,6034,97,184
377,Vincenza,Strawn,Male,Great Britain,29,17/11/10 11:03,5776,50,155
378,Demetria,Strawn,Female,United States,30,28/08/23 13:22,6683,69,194
379,Shavon,Sanor,Male,France,21,02/04/19 18:45,5071,102,161
380,Arcelia,Strawn,Female,United States,43,12/10/11 12:20,3237,97,154
381,Loreta,Cuccia,Male,Ireland,30,12/11/22 13:30,3482,55,178
382,Earlean,Trumbull,Female,India,37,26/11/22 23:46,4662,82,187
383,Carla,Prothro,Female,Australia,23,15/08/16 10:05,6879,80,156
384,Sherron,Pfau,Male,France,31,19/08/22 15:30,7210,78,194
385,Loreta,Danz,Female,Japan,33,20/05/23 23:28,9240,68,152
386,Jona,Claywell,Male,Brazil,31,12/08/21 01:21,7887,92,180
387,Philip,Martina,Female,France,24,11/05/23 05:42,9463,87,172
388,Philip,Danz,Male,Egypt,23,21/10/24 02:39,10291,50,183
389,Rasheeda,Hurn,Female,Nigeria,33,08/03/17 07:15,2487,85,156
390,Many,Melgar,Male,Iran,36,23/09/22 16:52,2081,91,163
391,Arcelia,Karner,Female,Mexico,23,01/03/14 02:20,3407,81,170
392,Demetria,Brumm,Male,Belarus,37,20/09/20 16:58,9534,48,160
393,Teresa,Muntz,Female,France,25,10/07/12 22:00,3323,63,164
394,Holly,Darity,Male,Guyana,41,01/08/14 07:13,3533,49,159
395,Marvel,Beaudreau,Female,Brazil,24,28/05/14 01:49,6777,97,188
396,Shavonne,Hurn,Male,United States,32,11/05/24 08:01,2534,73,192
397,Many,Benito,Female,Venezuela,27,05/02/17 21:16,6875,93,161
398,Veta,Karner,Male,China,33,23/08/22 22:56,3410,53,191
399,Lauralee,Lafollette,Female,United States,37,14/06/14 05:02,3452,110,143
400,Loreta,Lafollette,Male,India,29,23/11/2017 02:31,6386,49,187
